epoch,time,train/box_loss,train/cls_loss,train/dfl_loss,metrics/precision(B),metrics/recall(B),metrics/mAP50(B),metrics/mAP50-95(B),val/box_loss,val/cls_loss,val/dfl_loss,lr/pg0,lr/pg1,lr/pg2
1,217.155,2.51178,5.51843,1.95111,0.36632,0.08189,0.03613,0.01431,2.37171,3.47987,1.72502,0.000123065,0.000123065,0.000123065
2,420.982,2.3495,4.38473,1.73573,0.42851,0.11575,0.05896,0.02348,2.31266,3.15939,1.68963,0.000222005,0.000222005,0.000222005
